<?xml version="1.0" encoding="utf-8"?>
<lgr><constants><ROBOTS_FOLLOW>1</ROBOTS_FOLLOW><THEME>theme1</THEME><NB_ANNONCES_BY_PAGE>1</NB_ANNONCES_BY_PAGE><TXT_INDEX>[p]&#13;
	Lorem ipsum set init dolor[/p]&#13;
</TXT_INDEX><META_DESCRIPTION_INDEX>Lorem ipsum</META_DESCRIPTION_INDEX><EMAIL_CONTACT>julien@legrain.fr</EMAIL_CONTACT><NB_NOUVEAUTE_PAR_AGENCE>4</NB_NOUVEAUTE_PAR_AGENCE><NOM_SITE>Lorem ipsum dolor</NOM_SITE><TITRE_ACCUEIL>aaa</TITRE_ACCUEIL><META_DESCRIPTION_ACCUEIL>Lorem ipsum</META_DESCRIPTION_ACCUEIL><NAME_AGENCY>BORIES HABITATION</NAME_AGENCY><ADDRESS_AGENCY>39, avenue Charles de Gaulle</ADDRESS_AGENCY><ZIP_CODE_AGENCY>81000</ZIP_CODE_AGENCY><CITY_AGENCY>ALBI</CITY_AGENCY><TEL_AGENCY>05 63 00 00 00</TEL_AGENCY><FAX_AGENCY>05 63 00 00 00</FAX_AGENCY><URL_IMMO_MANAGEUR>http://dev.immo-manageur.fr</URL_IMMO_MANAGEUR><SUBJECT_EMAIL_WELCOME_CLIENT_ACCOUNT>[Agence] - Création de votre compte de suivi de vos biens immobiliers</SUBJECT_EMAIL_WELCOME_CLIENT_ACCOUNT><EMAIL_WELCOME_CLIENT_ACCOUNT>[p]&#13;
	Madame, Monsieur {prenom} {nom},[br /]&#13;
	Toute l\'équipe de l\'agence vous remercie de la confiance que vous nous avez accordé pour la vente de votre bien.[br /]&#13;
	Dans un souci permanent de service client, nous avons créé pour vous un espace dédié vous permettant de suivre en temps réel, tout ce qui va se passer sur votre bien :[/p]&#13;
[ul]&#13;
	[li]&#13;
		les visites[/li]&#13;
	[li]&#13;
		les comptes rendu de visite[/li]&#13;
	[li]&#13;
		les mises en publicité : vitrine, site web[/li]&#13;
[/ul]&#13;
[p]&#13;
	Pour vous connecter à cet espace, vous utiliserez le login et mot de passe ci-dessous :[/p]&#13;
[ul]&#13;
	[li]&#13;
		Votre identifiant : {identifiant}[/li]&#13;
	[li]&#13;
		Votre mot de passe : {motDePasse}[/li]&#13;
[/ul]&#13;
[p]&#13;
	Nous restons à votre entière disposition pour toutes questions,[/p]&#13;
[p]&#13;
	TEL : 05.63.30.31.44[/p]&#13;
</EMAIL_WELCOME_CLIENT_ACCOUNT><SUBJECT_RESET_PASSWORD_CLIENT_ACCOUNT>[Agence] - Régénération de votre mot de passe</SUBJECT_RESET_PASSWORD_CLIENT_ACCOUNT><RESET_PASSWORD_CLIENT_ACCOUNT>05 63 00 00 00</RESET_PASSWORD_CLIENT_ACCOUNT><TITLE_VOUS_VENDEZ>Vous vendez votre bien.</TITLE_VOUS_VENDEZ><H1_VOUS_VENDEZ>Vous vendez votre bien ?</H1_VOUS_VENDEZ><INTRO_VOUS_VENDEZ>Notre équipe vous apporte ses compétences professionnelles pour réaliser gratuitement un avis de valeur du bien que vous souhaitez mettre en vente.</INTRO_VOUS_VENDEZ><TITLE_VOUS_LOUEZ>Vous souhaitez louer votre bien.</TITLE_VOUS_LOUEZ><H1_VOUS_LOUEZ>Vous souhaitez louer votre bien ?</H1_VOUS_LOUEZ><INTRO_VOUS_LOUEZ>Vous souhaitez louer votre bien ? Faites le estimer gratuitement par l\'un de nos conseillers.</INTRO_VOUS_LOUEZ><SUBJECT_VOUS_VENDEZ>Site Internet : Je souhaite vendre mon bien</SUBJECT_VOUS_VENDEZ><SUBJECT_VOUS_LOUEZ>Site Internet : Je souhaite louer mon bien</SUBJECT_VOUS_LOUEZ><TYPES_VENTE_LOCATION>a:14:{i:2;s:11:"Appartement";i:5;s:3:"Box";i:6;s:8:"Château";i:7;s:8:"Commerce";i:8;s:5:"Ferme";i:9;s:6:"Hangar";i:10;s:8:"Immeuble";i:3;s:6:"Maison";i:11;s:6:"Manoir";i:13;s:6:"Moulin";i:4;s:7:"Parking";i:12;s:9:"Propriete";i:14;s:6:"Remise";i:1;s:7:"Terrain";}</TYPES_VENTE_LOCATION><SUBJECT_ALERT_EMAIL>Pic du quercy {nbAnnonces} nouvelle(s) annonce(s) correspond(ent) à votre requete.</SUBJECT_ALERT_EMAIL><INIT_CONTENT_ALERT_EMAIL>Liste des biens correspondants à votre requete sur point-immobilier-conseil.com :</INIT_CONTENT_ALERT_EMAIL><H1_ALERTE_EMAIL>Alerte email</H1_ALERTE_EMAIL><P_ALERTE_EMAIL>L\'alerte email vous permet de recevoir directement par email les offres correspondant à vos propres critères de recherche. Ce service est gratuit, sans engagement et peut être résilié à tout moment sans aucune condition préalable</P_ALERTE_EMAIL></constants><imgAgences><img>logo.png</img><img>header.jpg</img></imgAgences><cms><page nameOfMenu="top"><labelOfMenu>Qui sommes nous ?</labelOfMenu><url>qui-sommes-nous-t-as-vu-de-l-or-en-boite-au-moins</url><title>Qui sommes nous</title><description>lorem ipsum ca c'est de la description</description><content>[p]&#13;
	Blablablablablabla[/p]&#13;
</content></page><page nameOfMenu="top"><labelOfMenu>infos legales </labelOfMenu><url>infos-legales-t-as-vu-de-l-immobiler-comme-ca-t-en-a-jamais-vu-sauf-en-enfer-une-fois</url><title>infos legales</title><description>lorem info description</description><content>[p]&#13;
	blablabla ....[/p]&#13;
[h3 style="color:red;"]&#13;
	[span style="font-family:comic sans ms,cursive;"]le site est légal parce que je le dis ![/span][/h3]&#13;
[p]&#13;
	€  $ §  £[/p]&#13;
[p]&#13;
	 [/p]&#13;
[p]&#13;
	l'horizon : le lolcat du web t'as vu[/p]&#13;
[p]&#13;
	 [/p]&#13;
[p]&#13;
	[span style="font-family:comic sans ms,cursive;"][img alt="" src="http://192.168.1.35/aptana/extra-immo/images/kcFinder/images/nature/Fotolia_508147_S.jpg" style="width: 800px; height: 600px; " /][/span][/p]&#13;
</content></page></cms><fourchettesPrix><fourchettePrix typeTransaction="2" typeBien="1" min="0" max="40000">- de 40000 €</fourchettePrix><fourchettePrix typeTransaction="2" typeBien="1" min="40000" max="60000">de 40000 € à 60000 €</fourchettePrix><fourchettePrix typeTransaction="2" typeBien="1" min="60000" max="80000">de 60000 € à 80000 €</fourchettePrix><fourchettePrix typeTransaction="2" typeBien="1" min="80000" max="2147483647">+ de 80000 €</fourchettePrix></fourchettesPrix><fourchettesTaille><fourchetteTaille typeTransaction="2" typeBien="1" min="0" max="1000">- de 1000 m²</fourchetteTaille><fourchetteTaille typeTransaction="2" typeBien="1" min="1000" max="2000">de 1000 m² à 2000 m²</fourchetteTaille><fourchetteTaille typeTransaction="2" typeBien="1" min="2000" max="2147483647">+ de 2000 m²</fourchetteTaille></fourchettesTaille><annonces><annonce><typeBien id="3">Maison</typeBien><typeTransaction id="2">Vente</typeTransaction><numMandat id="1">350</numMandat><secteur id="1">FRANCE</secteur><ville id="870" sector="1">CASTELGAILLARD</ville><cp>31230</cp><prixFAI>290000</prixFAI><description>Au calme, A l'entrée du village de CASTELGAILLARD, Agréable maison de campagne en partie rénovée, comprenant 2 chambres, un séjour-cuisine aménagée, salle d'eau avec wc, cellier, combles aménageables soit 150 m2 environ.</description><chauffage>Electrique</chauffage><orientation>Nord</orientation><anneeConstruction/><agence id="1">Legrain</agence><tel1Agence>05.63.30.31.44</tel1Agence><tel2Agence/><tel3Agence/><mailAgence>julien@localhost</mailAgence><emailCommercial>john.doe@legrain.fr</emailCommercial><CES>51</CES><GES>12</GES><typeTerrain/><superficieConstructible>0</superficieConstructible><superficieNonConstructible>0</superficieNonConstructible><superficieTotale>2000</superficieTotale><terrainVendu/><toutAEgout>1</toutAEgout><fosseSceptique>0</fosseSceptique><proximiteEcole>0</proximiteEcole><proximiteCommerce>0</proximiteCommerce><proximiteTransport>0</proximiteTransport><nbPiece>4</nbPiece><surfaceHabitable>150</surfaceHabitable><nbChambre>2</nbChambre><surfacePieceVie>0</surfacePieceVie><niveau>1</niveau><coupCoeur>0</coupCoeur><nouveaute>15/11/2011</nouveaute><cheminee>1</cheminee><cuisineEquipee>0</cuisineEquipee><cuisineAmenagee>0</cuisineAmenagee><piscine>0</piscine><poolHouse>0</poolHouse><terrasse>0</terrasse><mezzanine>1</mezzanine><dependance>0</dependance><gaz>0</gaz><cave>0</cave><sousSol>0</sousSol><garage>1</garage><parking>0</parking><rezDeJardin>0</rezDeJardin><plainPied>0</plainPied><carriere>0</carriere><ptEau>0</ptEau><style/><constructionType/><photos/><situationTerrain>0</situationTerrain></annonce><annonce><typeBien id="1">Terrain</typeBien><typeTransaction id="2">Vente</typeTransaction><numMandat id="2">100</numMandat><secteur id="1">FRANCE</secteur><ville id="1" sector="1">MOISSAC</ville><cp>82200</cp><prixFAI>40000</prixFAI><description>Lorem ipsum dolor sit amet, consectetur adipiscing elit. Vestibulum dapibus congue nunc in vulputate. Vivamus ornare nisl dolor. Maecenas blandit nulla vitae nibh porttitor condimentum. Nunc nibh ante, lobortis venenatis tincidunt vitae, laoreet non est. Vivamus mauris augue, imperdiet ut commodo at, pulvinar accumsan nisi. Praesent volutpat, tellus vel elementum congue, ligula mi tincidunt lectus, at pulvinar nunc nunc vel turpis. Praesent vel dapibus sem. Nunc eu tellus ipsum.</description><chauffage/><orientation/><anneeConstruction>0</anneeConstruction><agence id="1">Legrain</agence><tel1Agence>05.63.30.31.44</tel1Agence><tel2Agence/><tel3Agence/><mailAgence>julien@localhost</mailAgence><emailCommercial>john.doe@legrain.fr</emailCommercial><CES/><GES/><typeTerrain>1</typeTerrain><superficieConstructible>0</superficieConstructible><superficieNonConstructible>0</superficieNonConstructible><superficieTotale>1500</superficieTotale><terrainVendu>NC</terrainVendu><toutAEgout>0</toutAEgout><fosseSceptique>0</fosseSceptique><proximiteEcole>0</proximiteEcole><proximiteCommerce>0</proximiteCommerce><proximiteTransport>0</proximiteTransport><nbPiece>0</nbPiece><surfaceHabitable>0</surfaceHabitable><nbChambre>0</nbChambre><surfacePieceVie>0</surfacePieceVie><niveau>0</niveau><coupCoeur>1</coupCoeur><nouveaute>15/11/2011</nouveaute><cheminee>0</cheminee><cuisineEquipee>0</cuisineEquipee><cuisineAmenagee>0</cuisineAmenagee><piscine>0</piscine><poolHouse>0</poolHouse><terrasse>0</terrasse><mezzanine>0</mezzanine><dependance>0</dependance><gaz>0</gaz><cave>0</cave><sousSol>0</sousSol><garage>0</garage><parking>0</parking><rezDeJardin>0</rezDeJardin><plainPied>0</plainPied><carriere>0</carriere><ptEau>0</ptEau><style/><constructionType/><photos><photo>20140519142200-2_1.jpg</photo><photo>20140519142200-2_2.jpg</photo><photo>20140519142200-2_3.jpg</photo><photo>20140519142200-2_4.jpg</photo></photos><situationTerrain>1</situationTerrain></annonce><annonce><typeBien id="1">Terrain</typeBien><typeTransaction id="2">Vente</typeTransaction><numMandat id="3">100</numMandat><secteur id="1">FRANCE</secteur><ville id="1" sector="1">MOISSAC</ville><cp>82200</cp><prixFAI>40000</prixFAI><description/><chauffage/><orientation/><anneeConstruction>0</anneeConstruction><agence id="1">Legrain</agence><tel1Agence>05.63.30.31.44</tel1Agence><tel2Agence/><tel3Agence/><mailAgence>julien@localhost</mailAgence><emailCommercial>john.doe@legrain.fr</emailCommercial><CES/><GES/><typeTerrain>1</typeTerrain><superficieConstructible>0</superficieConstructible><superficieNonConstructible>0</superficieNonConstructible><superficieTotale>1500</superficieTotale><terrainVendu>Non viabilisé</terrainVendu><toutAEgout>1</toutAEgout><fosseSceptique>0</fosseSceptique><proximiteEcole>0</proximiteEcole><proximiteCommerce>0</proximiteCommerce><proximiteTransport>0</proximiteTransport><nbPiece>0</nbPiece><surfaceHabitable>0</surfaceHabitable><nbChambre>0</nbChambre><surfacePieceVie>0</surfacePieceVie><niveau>0</niveau><coupCoeur>0</coupCoeur><nouveaute>15/11/2011</nouveaute><cheminee>0</cheminee><cuisineEquipee>0</cuisineEquipee><cuisineAmenagee>0</cuisineAmenagee><piscine>0</piscine><poolHouse>0</poolHouse><terrasse>1</terrasse><mezzanine>0</mezzanine><dependance>0</dependance><gaz>0</gaz><cave>0</cave><sousSol>0</sousSol><garage>0</garage><parking>0</parking><rezDeJardin>0</rezDeJardin><plainPied>0</plainPied><carriere>0</carriere><ptEau>0</ptEau><style/><constructionType/><photos><photo>20140519142200-3_1.jpg</photo><photo>20140519142200-3_2.jpg</photo><photo>20140519142200-3_3.jpg</photo></photos><situationTerrain>1</situationTerrain></annonce><annonce><typeBien id="1">Terrain</typeBien><typeTransaction id="2">Vente</typeTransaction><numMandat id="5">100</numMandat><secteur id="1">FRANCE</secteur><ville id="1" sector="1">MOISSAC</ville><cp>82200</cp><prixFAI>40000</prixFAI><description/><chauffage/><orientation/><anneeConstruction>0</anneeConstruction><agence id="1">Legrain</agence><tel1Agence>05.63.30.31.44</tel1Agence><tel2Agence/><tel3Agence/><mailAgence>julien@localhost</mailAgence><emailCommercial>john.doe@legrain.fr</emailCommercial><CES/><GES/><typeTerrain>1</typeTerrain><superficieConstructible>0</superficieConstructible><superficieNonConstructible>0</superficieNonConstructible><superficieTotale>1500</superficieTotale><terrainVendu>Non viabilisé</terrainVendu><toutAEgout>1</toutAEgout><fosseSceptique>0</fosseSceptique><proximiteEcole>0</proximiteEcole><proximiteCommerce>0</proximiteCommerce><proximiteTransport>0</proximiteTransport><nbPiece>0</nbPiece><surfaceHabitable>0</surfaceHabitable><nbChambre>0</nbChambre><surfacePieceVie>0</surfacePieceVie><niveau>0</niveau><coupCoeur>0</coupCoeur><nouveaute>15/11/2011</nouveaute><cheminee>0</cheminee><cuisineEquipee>0</cuisineEquipee><cuisineAmenagee>0</cuisineAmenagee><piscine>0</piscine><poolHouse>0</poolHouse><terrasse>1</terrasse><mezzanine>0</mezzanine><dependance>0</dependance><gaz>0</gaz><cave>0</cave><sousSol>0</sousSol><garage>0</garage><parking>0</parking><rezDeJardin>0</rezDeJardin><plainPied>0</plainPied><carriere>0</carriere><ptEau>0</ptEau><style/><constructionType/><photos><photo>20140519142200-5_1.jpg</photo><photo>20140519142200-5_2.jpg</photo><photo>20140519142200-5_3.jpg</photo><photo>20140519142200-5_4.jpg</photo><photo>20140519142200-5_5.jpg</photo></photos><situationTerrain>1</situationTerrain></annonce><annonce><typeBien id="1">Terrain</typeBien><typeTransaction id="2">Vente</typeTransaction><numMandat id="6">100</numMandat><secteur id="1">FRANCE</secteur><ville id="1" sector="1">MOISSAC</ville><cp>82200</cp><prixFAI>39000</prixFAI><description/><chauffage/><orientation/><anneeConstruction>0</anneeConstruction><agence id="1">Legrain</agence><tel1Agence>05.63.30.31.44</tel1Agence><tel2Agence/><tel3Agence/><mailAgence>julien@localhost</mailAgence><emailCommercial>john.doe@legrain.fr</emailCommercial><CES/><GES/><typeTerrain>1</typeTerrain><superficieConstructible>0</superficieConstructible><superficieNonConstructible>0</superficieNonConstructible><superficieTotale>1300</superficieTotale><terrainVendu>Semi viabilisé</terrainVendu><toutAEgout>1</toutAEgout><fosseSceptique>0</fosseSceptique><proximiteEcole>0</proximiteEcole><proximiteCommerce>0</proximiteCommerce><proximiteTransport>0</proximiteTransport><nbPiece>0</nbPiece><surfaceHabitable>0</surfaceHabitable><nbChambre>0</nbChambre><surfacePieceVie>0</surfacePieceVie><niveau>0</niveau><coupCoeur>0</coupCoeur><nouveaute>15/11/2011</nouveaute><cheminee>0</cheminee><cuisineEquipee>0</cuisineEquipee><cuisineAmenagee>0</cuisineAmenagee><piscine>0</piscine><poolHouse>0</poolHouse><terrasse>1</terrasse><mezzanine>0</mezzanine><dependance>0</dependance><gaz>0</gaz><cave>0</cave><sousSol>0</sousSol><garage>0</garage><parking>0</parking><rezDeJardin>0</rezDeJardin><plainPied>0</plainPied><carriere>0</carriere><ptEau>0</ptEau><style/><constructionType/><photos><photo>20140519142200-6_1.jpg</photo><photo>20140519142200-6_2.jpg</photo><photo>20140519142200-6_3.jpg</photo><photo>20140519142200-6_4.jpg</photo><photo>20140519142200-6_5.jpg</photo><photo>20140519142200-6_6.jpg</photo><photo>20140519142200-6_7.jpg</photo><photo>20140519142200-6_8.jpg</photo><photo>20140519142200-6_9.jpg</photo></photos><situationTerrain>1</situationTerrain></annonce><annonce><typeBien id="1">Terrain</typeBien><typeTransaction id="2">Vente</typeTransaction><numMandat id="7">100</numMandat><secteur id="1">FRANCE</secteur><ville id="1" sector="1">MOISSAC</ville><cp>82200</cp><prixFAI>50000</prixFAI><description/><chauffage/><orientation/><anneeConstruction>0</anneeConstruction><agence id="1">Legrain</agence><tel1Agence>05.63.30.31.44</tel1Agence><tel2Agence/><tel3Agence/><mailAgence>julien@localhost</mailAgence><emailCommercial>john.doe@legrain.fr</emailCommercial><CES/><GES/><typeTerrain>1</typeTerrain><superficieConstructible>0</superficieConstructible><superficieNonConstructible>0</superficieNonConstructible><superficieTotale>4000</superficieTotale><terrainVendu>Non viabilisé</terrainVendu><toutAEgout>1</toutAEgout><fosseSceptique>0</fosseSceptique><proximiteEcole>0</proximiteEcole><proximiteCommerce>0</proximiteCommerce><proximiteTransport>0</proximiteTransport><nbPiece>0</nbPiece><surfaceHabitable>0</surfaceHabitable><nbChambre>0</nbChambre><surfacePieceVie>0</surfacePieceVie><niveau>0</niveau><coupCoeur>0</coupCoeur><nouveaute>15/11/2011</nouveaute><cheminee>0</cheminee><cuisineEquipee>0</cuisineEquipee><cuisineAmenagee>0</cuisineAmenagee><piscine>0</piscine><poolHouse>0</poolHouse><terrasse>1</terrasse><mezzanine>0</mezzanine><dependance>0</dependance><gaz>0</gaz><cave>0</cave><sousSol>0</sousSol><garage>0</garage><parking>0</parking><rezDeJardin>0</rezDeJardin><plainPied>0</plainPied><carriere>0</carriere><ptEau>0</ptEau><style/><constructionType/><photos><photo>20140519142200-7_1.jpg</photo><photo>20140519142200-7_2.jpg</photo><photo>20140519142200-7_3.jpg</photo><photo>20140519142200-7_4.jpg</photo><photo>20140519142200-7_5.jpg</photo><photo>20140519142200-7_6.jpg</photo><photo>20140519142200-7_7.jpg</photo></photos><situationTerrain>1</situationTerrain></annonce><annonce><typeBien id="2">Appartement</typeBien><typeTransaction id="1">Location</typeTransaction><numMandat id="9">255</numMandat><secteur id="1">FRANCE</secteur><ville id="1100" sector="1">MILHAS</ville><cp>31160</cp><prixFAI>800</prixFAI><description/><chauffage>Gaz de ville</chauffage><orientation/><anneeConstruction>0</anneeConstruction><agence id="1">Legrain</agence><tel1Agence>05.63.30.31.44</tel1Agence><tel2Agence/><tel3Agence/><mailAgence>julien@localhost</mailAgence><emailCommercial>john.doe@legrain.fr</emailCommercial><CES>345</CES><GES>55</GES><typeTerrain/><superficieConstructible>0</superficieConstructible><superficieNonConstructible>0</superficieNonConstructible><superficieTotale>0</superficieTotale><terrainVendu/><toutAEgout>0</toutAEgout><fosseSceptique>0</fosseSceptique><proximiteEcole>0</proximiteEcole><proximiteCommerce>0</proximiteCommerce><proximiteTransport>0</proximiteTransport><nbPiece>3</nbPiece><surfaceHabitable>60</surfaceHabitable><nbChambre>1</nbChambre><surfacePieceVie>60</surfacePieceVie><niveau>0</niveau><coupCoeur>0</coupCoeur><nouveaute>15/11/2011</nouveaute><cheminee>0</cheminee><cuisineEquipee>0</cuisineEquipee><cuisineAmenagee>1</cuisineAmenagee><piscine>0</piscine><poolHouse>0</poolHouse><terrasse>1</terrasse><mezzanine>0</mezzanine><dependance>0</dependance><gaz>1</gaz><cave>1</cave><sousSol>0</sousSol><garage>0</garage><parking>0</parking><rezDeJardin>0</rezDeJardin><plainPied>0</plainPied><carriere>0</carriere><ptEau>0</ptEau><style/><constructionType>Ville</constructionType><photos><photo>20140519142200-9_1.jpg</photo><photo>20140519142200-9_2.jpg</photo></photos><situationTerrain>0</situationTerrain></annonce></annonces></lgr>
