<?xml version="1.0" encoding="utf-8"?>
<lgr><constants><ROBOTS_FOLLOW>1</ROBOTS_FOLLOW><THEME>defaut</THEME><NB_ANNONCES_BY_PAGE>7</NB_ANNONCES_BY_PAGE><TXT_INDEX>[h1]&#13;
	Lorem ipsum set init dolor ! ddd XD[/h1]&#13;
[p]&#13;
	texte ave[/p]&#13;
[p]&#13;
	 [/p]&#13;
[p]&#13;
	c img [img alt="" src="images/acc_little_Fotolia_793535_S.jpg" style="width: 500px; height: 333px; " /][/p]&#13;
[p]&#13;
	Il était une fois, dans l\'histoire des accents, un héro appelé äîotä[/p]&#13;
[p]&#13;
	 [/p]&#13;
[p]&#13;
	Modif ok !!![/p]&#13;
[p]&#13;
	 [/p]&#13;
[p]&#13;
	 [/p]&#13;
[p]&#13;
	et image externe ( ne pas flinguer : ) [/p]&#13;
[p]&#13;
	[img alt="" src="http://legrain.fr/img/logo.png" /][/p]&#13;
[p]&#13;
	l\'art[/p]&#13;
[p]&#13;
	[img alt="" src="images/acc_Fotolia_778855_S.jpg" style="width: 100px; height: 75px; " /][/p]&#13;
[p]&#13;
	éééé[/p]&#13;
</TXT_INDEX><META_DESCRIPTION_INDEX>description : a été testé&#13;
</META_DESCRIPTION_INDEX><EMAIL_CONTACT>julien@localhost</EMAIL_CONTACT><NB_NOUVEAUTE_PAR_AGENCE>4</NB_NOUVEAUTE_PAR_AGENCE><NOM_SITE>Lorem ipsum dolor</NOM_SITE><TITRE_ACCUEIL>titre de la page aa</TITRE_ACCUEIL><META_DESCRIPTION_ACCUEIL>description : a été testé&#13;
</META_DESCRIPTION_ACCUEIL><TITLE_VOUS_VENDEZ>Vous vendez votre bien.</TITLE_VOUS_VENDEZ><H1_VOUS_VENDEZ>Vous vendez votre bien ?</H1_VOUS_VENDEZ><INTRO_VOUS_VENDEZ>Notre équipe vous apporte ses compétences professionnelles pour réaliser gratuitement un avis de valeur du bien que vous souhaitez mettre en vente.</INTRO_VOUS_VENDEZ><TITLE_VOUS_LOUEZ>Vous souhaitez louer votre bien.</TITLE_VOUS_LOUEZ><H1_VOUS_LOUEZ>Vous souhaitez louer votre bien ?</H1_VOUS_LOUEZ><INTRO_VOUS_LOUEZ>Vous souhaitez louer votre bien ? Faites le estimer gratuitement par l\'un de nos conseillers.</INTRO_VOUS_LOUEZ><SUBJECT_VOUS_VENDEZ>Site Internet : Je souhaite vendre mon bien</SUBJECT_VOUS_VENDEZ><SUBJECT_VOUS_LOUEZ>Site Internet : Je souhaite louer mon bien</SUBJECT_VOUS_LOUEZ><TYPES_VENTE_LOCATION>a:14:{i:2;s:11:"Appartement";i:5;s:3:"Box";i:6;s:8:"Château";i:7;s:8:"Commerce";i:8;s:5:"Ferme";i:9;s:6:"Hangar";i:10;s:8:"Immeuble";i:3;s:6:"Maison";i:11;s:6:"Manoir";i:13;s:6:"Moulin";i:4;s:7:"Parking";i:12;s:9:"Propriete";i:14;s:6:"Remise";i:1;s:7:"Terrain";}</TYPES_VENTE_LOCATION></constants><imgAgences><img>logo.png</img><img>header.jpg</img><img>acc_little_Fotolia_793535_S.jpg</img><img>acc_Fotolia_778855_S.jpg</img></imgAgences><cms><page posit="top"><nameOfMenu>Qui sommes nous (m) ?</nameOfMenu><url>qui-sommes-nous-t-as-vu</url><title>Qui sommes nous ( titre)</title><description>lorem ipsum ca c\'est de la description</description><content>[p]&#13;
	Blablablablablabla[/p]&#13;
</content></page><page posit="top"><nameOfMenu>infos legales </nameOfMenu><url>infos-legales-t-as-vu</url><title>infos legales</title><description>lorem info description</description><content>[p]&#13;
	blablabla ....[/p]&#13;
[h3 style="color:red;"]&#13;
	[span style="font-family:comic sans ms,cursive;"]le site est légal parce que je le dis ![/span][/h3]&#13;
</content></page></cms><fourchettesPrix><fourchettePrix typeTransaction="2" typeBien="1" min="0" max="40000">- de 40000 €</fourchettePrix><fourchettePrix typeTransaction="2" typeBien="1" min="40000" max="60000">de 40000 € à 60000 €</fourchettePrix><fourchettePrix typeTransaction="2" typeBien="1" min="60000" max="80000">de 60000 € à 80000 €</fourchettePrix><fourchettePrix typeTransaction="2" typeBien="1" min="80000" max="2147483647">+ de 80000 €</fourchettePrix></fourchettesPrix><fourchettesTaille><fourchetteTaille typeTransaction="2" typeBien="1" min="0" max="1000">- de 1000 m²</fourchetteTaille><fourchetteTaille typeTransaction="2" typeBien="1" min="1000" max="2000">de 1000 m² à 2000 m²</fourchetteTaille><fourchetteTaille typeTransaction="2" typeBien="1" min="2000" max="2147483647">+ de 2000 m²</fourchetteTaille></fourchettesTaille><annonces><annonce><typeBien id="3">Maison</typeBien><typeTransaction id="2">Vente</typeTransaction><numMandat id="1">350</numMandat><secteur id="1">FRANCE</secteur><ville id="870" sector="1">CASTELGAILLARD</ville><cp>31230</cp><prixFAI>290000</prixFAI><description>Au calme, A l'entrée du village de CASTELGAILLARD, Agréable maison de campagne en partie rénovée, comprenant 2 chambres, un séjour-cuisine aménagée, salle d'eau avec wc, cellier, combles aménageables soit 150 m2 environ.</description><chauffage>Electrique</chauffage><orientation>Nord</orientation><anneeConstruction></anneeConstruction><agence id="1">Legrain</agence><tel1Agence>05.63.30.31.44</tel1Agence><tel2Agence></tel2Agence><tel3Agence></tel3Agence><mailAgence>julien@localhost</mailAgence><emailCommercial>john.doe@legrain.fr</emailCommercial><CES>51</CES><GES>12</GES><typeTerrain></typeTerrain><superficieConstructible>0</superficieConstructible><superficieNonConstructible>0</superficieNonConstructible><superficieTotale>2000</superficieTotale><terrainVendu></terrainVendu><toutAEgout>1</toutAEgout><fosseSceptique>0</fosseSceptique><proximiteEcole>0</proximiteEcole><proximiteCommerce>0</proximiteCommerce><proximiteTransport>0</proximiteTransport><nbPiece>4</nbPiece><surfaceHabitable>150</surfaceHabitable><nbChambre>2</nbChambre><surfacePieceVie>0</surfacePieceVie><niveau>1</niveau><coupCoeur>0</coupCoeur><nouveaute>15/11/2011</nouveaute><cheminee>1</cheminee><cuisineEquipee>0</cuisineEquipee><cuisineAmenagee>0</cuisineAmenagee><piscine>0</piscine><poolHouse>0</poolHouse><terrasse>0</terrasse><mezzanine>1</mezzanine><dependance>0</dependance><gaz>0</gaz><cave>0</cave><sousSol>0</sousSol><garage>1</garage><parking>0</parking><rezDeJardin>0</rezDeJardin><plainPied>0</plainPied><carriere>0</carriere><ptEau>0</ptEau><style></style><constructionType></constructionType><photos/><situationTerrain>0</situationTerrain></annonce><annonce><typeBien id="1">Terrain</typeBien><typeTransaction id="2">Vente</typeTransaction><numMandat id="2">100</numMandat><secteur id="1">FRANCE</secteur><ville id="1" sector="1">MOISSAC</ville><cp>82200</cp><prixFAI>40000</prixFAI><description>Lorem ipsum dolor sit amet, consectetur adipiscing elit. Vestibulum dapibus congue nunc in vulputate. Vivamus ornare nisl dolor. Maecenas blandit nulla vitae nibh porttitor condimentum. Nunc nibh ante, lobortis venenatis tincidunt vitae, laoreet non est. Vivamus mauris augue, imperdiet ut commodo at, pulvinar accumsan nisi. Praesent volutpat, tellus vel elementum congue, ligula mi tincidunt lectus, at pulvinar nunc nunc vel turpis. Praesent vel dapibus sem. Nunc eu tellus ipsum.</description><chauffage></chauffage><orientation></orientation><anneeConstruction>0</anneeConstruction><agence id="1">Legrain</agence><tel1Agence>05.63.30.31.44</tel1Agence><tel2Agence></tel2Agence><tel3Agence></tel3Agence><mailAgence>julien@localhost</mailAgence><emailCommercial>john.doe@legrain.fr</emailCommercial><CES></CES><GES></GES><typeTerrain>1</typeTerrain><superficieConstructible>0</superficieConstructible><superficieNonConstructible>0</superficieNonConstructible><superficieTotale>1500</superficieTotale><terrainVendu>NC</terrainVendu><toutAEgout>0</toutAEgout><fosseSceptique>0</fosseSceptique><proximiteEcole>0</proximiteEcole><proximiteCommerce>0</proximiteCommerce><proximiteTransport>0</proximiteTransport><nbPiece>0</nbPiece><surfaceHabitable>0</surfaceHabitable><nbChambre>0</nbChambre><surfacePieceVie>0</surfacePieceVie><niveau>0</niveau><coupCoeur>1</coupCoeur><nouveaute>15/11/2011</nouveaute><cheminee>0</cheminee><cuisineEquipee>0</cuisineEquipee><cuisineAmenagee>0</cuisineAmenagee><piscine>0</piscine><poolHouse>0</poolHouse><terrasse>0</terrasse><mezzanine>0</mezzanine><dependance>0</dependance><gaz>0</gaz><cave>0</cave><sousSol>0</sousSol><garage>0</garage><parking>0</parking><rezDeJardin>0</rezDeJardin><plainPied>0</plainPied><carriere>0</carriere><ptEau>0</ptEau><style></style><constructionType></constructionType><photos><photo>20120130111211-2_1.jpg</photo><photo>20120130111211-2_2.jpg</photo><photo>20120130111211-2_3.jpg</photo><photo>20120130111211-2_4.jpg</photo></photos><situationTerrain>1</situationTerrain></annonce><annonce><typeBien id="1">Terrain</typeBien><typeTransaction id="2">Vente</typeTransaction><numMandat id="3">100</numMandat><secteur id="1">FRANCE</secteur><ville id="1" sector="1">MOISSAC</ville><cp>82200</cp><prixFAI>40000</prixFAI><description></description><chauffage></chauffage><orientation></orientation><anneeConstruction>0</anneeConstruction><agence id="1">Legrain</agence><tel1Agence>05.63.30.31.44</tel1Agence><tel2Agence></tel2Agence><tel3Agence></tel3Agence><mailAgence>julien@localhost</mailAgence><emailCommercial>john.doe@legrain.fr</emailCommercial><CES></CES><GES></GES><typeTerrain>1</typeTerrain><superficieConstructible>0</superficieConstructible><superficieNonConstructible>0</superficieNonConstructible><superficieTotale>1500</superficieTotale><terrainVendu>Non viabilisé</terrainVendu><toutAEgout>1</toutAEgout><fosseSceptique>0</fosseSceptique><proximiteEcole>0</proximiteEcole><proximiteCommerce>0</proximiteCommerce><proximiteTransport>0</proximiteTransport><nbPiece>0</nbPiece><surfaceHabitable>0</surfaceHabitable><nbChambre>0</nbChambre><surfacePieceVie>0</surfacePieceVie><niveau>0</niveau><coupCoeur>0</coupCoeur><nouveaute>15/11/2011</nouveaute><cheminee>0</cheminee><cuisineEquipee>0</cuisineEquipee><cuisineAmenagee>0</cuisineAmenagee><piscine>0</piscine><poolHouse>0</poolHouse><terrasse>1</terrasse><mezzanine>0</mezzanine><dependance>0</dependance><gaz>0</gaz><cave>0</cave><sousSol>0</sousSol><garage>0</garage><parking>0</parking><rezDeJardin>0</rezDeJardin><plainPied>0</plainPied><carriere>0</carriere><ptEau>0</ptEau><style></style><constructionType></constructionType><photos><photo>20120130111211-3_1.jpg</photo><photo>20120130111211-3_2.jpg</photo><photo>20120130111211-3_3.jpg</photo></photos><situationTerrain>1</situationTerrain></annonce><annonce><typeBien id="1">Terrain</typeBien><typeTransaction id="2">Vente</typeTransaction><numMandat id="5">100</numMandat><secteur id="1">FRANCE</secteur><ville id="1" sector="1">MOISSAC</ville><cp>82200</cp><prixFAI>40000</prixFAI><description></description><chauffage></chauffage><orientation></orientation><anneeConstruction>0</anneeConstruction><agence id="1">Legrain</agence><tel1Agence>05.63.30.31.44</tel1Agence><tel2Agence></tel2Agence><tel3Agence></tel3Agence><mailAgence>julien@localhost</mailAgence><emailCommercial>john.doe@legrain.fr</emailCommercial><CES></CES><GES></GES><typeTerrain>1</typeTerrain><superficieConstructible>0</superficieConstructible><superficieNonConstructible>0</superficieNonConstructible><superficieTotale>1500</superficieTotale><terrainVendu>Non viabilisé</terrainVendu><toutAEgout>1</toutAEgout><fosseSceptique>0</fosseSceptique><proximiteEcole>0</proximiteEcole><proximiteCommerce>0</proximiteCommerce><proximiteTransport>0</proximiteTransport><nbPiece>0</nbPiece><surfaceHabitable>0</surfaceHabitable><nbChambre>0</nbChambre><surfacePieceVie>0</surfacePieceVie><niveau>0</niveau><coupCoeur>0</coupCoeur><nouveaute>15/11/2011</nouveaute><cheminee>0</cheminee><cuisineEquipee>0</cuisineEquipee><cuisineAmenagee>0</cuisineAmenagee><piscine>0</piscine><poolHouse>0</poolHouse><terrasse>1</terrasse><mezzanine>0</mezzanine><dependance>0</dependance><gaz>0</gaz><cave>0</cave><sousSol>0</sousSol><garage>0</garage><parking>0</parking><rezDeJardin>0</rezDeJardin><plainPied>0</plainPied><carriere>0</carriere><ptEau>0</ptEau><style></style><constructionType></constructionType><photos><photo>20120130111211-5_1.jpg</photo><photo>20120130111211-5_2.jpg</photo><photo>20120130111211-5_3.jpg</photo><photo>20120130111211-5_4.jpg</photo><photo>20120130111211-5_5.jpg</photo></photos><situationTerrain>1</situationTerrain></annonce><annonce><typeBien id="1">Terrain</typeBien><typeTransaction id="2">Vente</typeTransaction><numMandat id="6">100</numMandat><secteur id="1">FRANCE</secteur><ville id="1" sector="1">MOISSAC</ville><cp>82200</cp><prixFAI>39000</prixFAI><description></description><chauffage></chauffage><orientation></orientation><anneeConstruction>0</anneeConstruction><agence id="1">Legrain</agence><tel1Agence>05.63.30.31.44</tel1Agence><tel2Agence></tel2Agence><tel3Agence></tel3Agence><mailAgence>julien@localhost</mailAgence><emailCommercial>john.doe@legrain.fr</emailCommercial><CES></CES><GES></GES><typeTerrain>1</typeTerrain><superficieConstructible>0</superficieConstructible><superficieNonConstructible>0</superficieNonConstructible><superficieTotale>1300</superficieTotale><terrainVendu>Semi viabilisé</terrainVendu><toutAEgout>1</toutAEgout><fosseSceptique>0</fosseSceptique><proximiteEcole>0</proximiteEcole><proximiteCommerce>0</proximiteCommerce><proximiteTransport>0</proximiteTransport><nbPiece>0</nbPiece><surfaceHabitable>0</surfaceHabitable><nbChambre>0</nbChambre><surfacePieceVie>0</surfacePieceVie><niveau>0</niveau><coupCoeur>0</coupCoeur><nouveaute>15/11/2011</nouveaute><cheminee>0</cheminee><cuisineEquipee>0</cuisineEquipee><cuisineAmenagee>0</cuisineAmenagee><piscine>0</piscine><poolHouse>0</poolHouse><terrasse>1</terrasse><mezzanine>0</mezzanine><dependance>0</dependance><gaz>0</gaz><cave>0</cave><sousSol>0</sousSol><garage>0</garage><parking>0</parking><rezDeJardin>0</rezDeJardin><plainPied>0</plainPied><carriere>0</carriere><ptEau>0</ptEau><style></style><constructionType></constructionType><photos><photo>20120130111211-6_1.jpg</photo><photo>20120130111211-6_2.jpg</photo><photo>20120130111211-6_3.jpg</photo><photo>20120130111211-6_4.jpg</photo><photo>20120130111211-6_5.jpg</photo><photo>20120130111211-6_6.jpg</photo><photo>20120130111211-6_7.jpg</photo><photo>20120130111211-6_8.jpg</photo><photo>20120130111211-6_9.jpg</photo></photos><situationTerrain>1</situationTerrain></annonce><annonce><typeBien id="1">Terrain</typeBien><typeTransaction id="2">Vente</typeTransaction><numMandat id="7">100</numMandat><secteur id="1">FRANCE</secteur><ville id="1" sector="1">MOISSAC</ville><cp>82200</cp><prixFAI>50000</prixFAI><description></description><chauffage></chauffage><orientation></orientation><anneeConstruction>0</anneeConstruction><agence id="1">Legrain</agence><tel1Agence>05.63.30.31.44</tel1Agence><tel2Agence></tel2Agence><tel3Agence></tel3Agence><mailAgence>julien@localhost</mailAgence><emailCommercial>john.doe@legrain.fr</emailCommercial><CES></CES><GES></GES><typeTerrain>1</typeTerrain><superficieConstructible>0</superficieConstructible><superficieNonConstructible>0</superficieNonConstructible><superficieTotale>4000</superficieTotale><terrainVendu>Non viabilisé</terrainVendu><toutAEgout>1</toutAEgout><fosseSceptique>0</fosseSceptique><proximiteEcole>0</proximiteEcole><proximiteCommerce>0</proximiteCommerce><proximiteTransport>0</proximiteTransport><nbPiece>0</nbPiece><surfaceHabitable>0</surfaceHabitable><nbChambre>0</nbChambre><surfacePieceVie>0</surfacePieceVie><niveau>0</niveau><coupCoeur>0</coupCoeur><nouveaute>15/11/2011</nouveaute><cheminee>0</cheminee><cuisineEquipee>0</cuisineEquipee><cuisineAmenagee>0</cuisineAmenagee><piscine>0</piscine><poolHouse>0</poolHouse><terrasse>1</terrasse><mezzanine>0</mezzanine><dependance>0</dependance><gaz>0</gaz><cave>0</cave><sousSol>0</sousSol><garage>0</garage><parking>0</parking><rezDeJardin>0</rezDeJardin><plainPied>0</plainPied><carriere>0</carriere><ptEau>0</ptEau><style></style><constructionType></constructionType><photos><photo>20120130111211-7_1.jpg</photo><photo>20120130111211-7_2.jpg</photo><photo>20120130111211-7_3.jpg</photo><photo>20120130111211-7_4.jpg</photo><photo>20120130111211-7_5.jpg</photo><photo>20120130111211-7_6.jpg</photo><photo>20120130111211-7_7.jpg</photo></photos><situationTerrain>1</situationTerrain></annonce><annonce><typeBien id="2">Appartement</typeBien><typeTransaction id="1">Location</typeTransaction><numMandat id="9">255</numMandat><secteur id="1">FRANCE</secteur><ville id="1100" sector="1">MILHAS</ville><cp>31160</cp><prixFAI>800</prixFAI><description></description><chauffage>Gaz de ville</chauffage><orientation></orientation><anneeConstruction>0</anneeConstruction><agence id="1">Legrain</agence><tel1Agence>05.63.30.31.44</tel1Agence><tel2Agence></tel2Agence><tel3Agence></tel3Agence><mailAgence>julien@localhost</mailAgence><emailCommercial>john.doe@legrain.fr</emailCommercial><CES>0</CES><GES>0</GES><typeTerrain></typeTerrain><superficieConstructible>0</superficieConstructible><superficieNonConstructible>0</superficieNonConstructible><superficieTotale>0</superficieTotale><terrainVendu></terrainVendu><toutAEgout>0</toutAEgout><fosseSceptique>0</fosseSceptique><proximiteEcole>0</proximiteEcole><proximiteCommerce>0</proximiteCommerce><proximiteTransport>0</proximiteTransport><nbPiece>3</nbPiece><surfaceHabitable>60</surfaceHabitable><nbChambre>1</nbChambre><surfacePieceVie>60</surfacePieceVie><niveau>0</niveau><coupCoeur>0</coupCoeur><nouveaute>15/11/2011</nouveaute><cheminee>0</cheminee><cuisineEquipee>0</cuisineEquipee><cuisineAmenagee>1</cuisineAmenagee><piscine>0</piscine><poolHouse>0</poolHouse><terrasse>1</terrasse><mezzanine>0</mezzanine><dependance>0</dependance><gaz>1</gaz><cave>1</cave><sousSol>0</sousSol><garage>0</garage><parking>0</parking><rezDeJardin>0</rezDeJardin><plainPied>0</plainPied><carriere>0</carriere><ptEau>0</ptEau><style></style><constructionType>Ville</constructionType><photos/><situationTerrain>0</situationTerrain></annonce></annonces></lgr>
