<?xml version="1.0" encoding="utf-8"?>
<lgr><constants><ROBOTS_FOLLOW>0</ROBOTS_FOLLOW><THEME>defaut</THEME><NB_ANNONCES_BY_PAGE>12</NB_ANNONCES_BY_PAGE><TXT_INDEX>[h1]Notre super test de page d'accueil[/h1]
[p]Lorem ipsum dolor sit amet, consectetur adipiscing elit. Integer facilisis orci sed elit vestibulum a sollicitudin magna consectetur. Aenean ut sapien elit, ut lacinia lorem. Vivamus venenatis accumsan nunc, id pretium ipsum malesuada faucibus. Cras a arcu nisl. Vestibulum turpis tortor, eleifend ut dictum id, sollicitudin nec libero. Pellentesque habitant morbi tristique senectus et netus et malesuada fames ac turpis egestas. Fusce porttitor imperdiet ligula vestibulum condimentum. Aenean sed leo nec metus posuere fermentum eget a tellus. Fusce dignissim dolor sed risus egestas quis scelerisque augue fringilla. Sed imperdiet tristique nunc. Nunc pellentesque congue nisi eget imperdiet. Duis aliquet risus metus, nec tempor urna. Donec ut blandit felis. Donec pulvinar lobortis interdum.[/p]
[p]Suspendisse interdum sollicitudin est, et porta magna mattis ultricies. Pellentesque faucibus, libero et fermentum fringilla, erat ipsum ultricies purus, dignissim adipiscing ante nibh in erat. Proin placerat, neque auctor dapibus egestas, libero magna ultricies diam, sit amet placerat erat tellus sed libero. Sed gravida diam vitae leo ultrices in blandit arcu dignissim. Cras ac eros in mauris malesuada tempus in quis ante. Aliquam id libero nibh, nec tincidunt mauris. Integer non lectus id nibh ornare ullamcorper eget non nulla. Vestibulum ante ipsum primis in faucibus orci luctus et ultrices posuere cubilia Curae; Proin congue sem at lectus aliquam egestas.[/p]
[p]Nulla scelerisque, dui eget accumsan rhoncus, ipsum libero condimentum nulla, sit amet posuere nulla metus et mi. Proin auctor libero magna. Donec a turpis quis ipsum faucibus tincidunt vitae nec diam. In hac habitasse platea dictumst. Phasellus at urna mauris, nec semper lacus. Aliquam suscipit leo eros. Vestibulum quis vehicula erat. Sed id tellus nulla, ut ultrices metus. Ut vitae nisi tortor, et tincidunt nulla. Proin ultrices bibendum orci eu luctus.[/p]</TXT_INDEX><META_DESCRIPTION_INDEX></META_DESCRIPTION_INDEX><EMAIL_CONTACT>julien@localhost</EMAIL_CONTACT><NB_NOUVEAUTE_PAR_AGENCE>4</NB_NOUVEAUTE_PAR_AGENCE><NOM_SITE>Mon site d'annonce</NOM_SITE><TITRE_ACCUEIL>Mon site d'annonce</TITRE_ACCUEIL><META_DESCRIPTION_ACCUEIL>Super site d'annonces de l'agence Legrain. blablablabla</META_DESCRIPTION_ACCUEIL></constants><fourchettesPrix><fourchettePrix typeTransaction="1" typeBien="2" min="0" max="400">Moins de 400 €</fourchettePrix><fourchettePrix typeTransaction="1" typeBien="2" min="400" max="600">De 400 € à 600 €</fourchettePrix><fourchettePrix typeTransaction="1" typeBien="2" min="600" max="800">De 600 € à 800 €</fourchettePrix><fourchettePrix typeTransaction="1" typeBien="2" min="800" max="1000">De 800 € à 1000 €</fourchettePrix><fourchettePrix typeTransaction="1" typeBien="2" min="1000" max="1200">De 1000 € à 1200 €</fourchettePrix><fourchettePrix typeTransaction="1" typeBien="2" min="1200" max="999999999">Plus de 1200 €</fourchettePrix><fourchettePrix typeTransaction="1" typeBien="3" min="0" max="400">Moins de 400 €</fourchettePrix><fourchettePrix typeTransaction="1" typeBien="3" min="400" max="600">De 400 € à 600 €</fourchettePrix><fourchettePrix typeTransaction="1" typeBien="3" min="600" max="800">De 600 € à 800 €</fourchettePrix><fourchettePrix typeTransaction="1" typeBien="3" min="800" max="1000">De 800 € à 1000 €</fourchettePrix><fourchettePrix typeTransaction="1" typeBien="3" min="1000" max="1200">De 1000 € à 1200 €</fourchettePrix><fourchettePrix typeTransaction="1" typeBien="3" min="1200" max="999999999">Plus de 1200 €</fourchettePrix><fourchettePrix typeTransaction="2" typeBien="2" min="0" max="150000">Moins de 150000 €</fourchettePrix><fourchettePrix typeTransaction="2" typeBien="2" min="150000" max="200000">De 150000 € à 200000 €</fourchettePrix><fourchettePrix typeTransaction="2" typeBien="2" min="200000" max="250000">De 200000 € à 250000 €</fourchettePrix><fourchettePrix typeTransaction="2" typeBien="2" min="250000" max="300000">De 250000 € à 300000 €</fourchettePrix><fourchettePrix typeTransaction="2" typeBien="2" min="300000" max="999999999">Plus de 300000 €</fourchettePrix><fourchettePrix typeTransaction="2" typeBien="3" min="0" max="150000">Moins de 150000 €</fourchettePrix><fourchettePrix typeTransaction="2" typeBien="3" min="150000" max="200000">De 150000 € à 200000 €</fourchettePrix><fourchettePrix typeTransaction="2" typeBien="3" min="200000" max="250000">De 200000 € à 250000 €</fourchettePrix><fourchettePrix typeTransaction="2" typeBien="3" min="250000" max="300000">De 250000 € à 300000 €</fourchettePrix><fourchettePrix typeTransaction="2" typeBien="3" min="300000" max="999999999">Plus de 300000 €</fourchettePrix><fourchettePrix typeTransaction="2" typeBien="1" min="0" max="40000">Moins de 40000 €</fourchettePrix><fourchettePrix typeTransaction="2" typeBien="1" min="40000" max="60000">De 40000 € à 60000 €</fourchettePrix><fourchettePrix typeTransaction="2" typeBien="1" min="200000" max="80000">De 60000 € à 80000 €</fourchettePrix><fourchettePrix typeTransaction="2" typeBien="1" min="80000" max="999999999">Plus de 80000 €</fourchettePrix></fourchettesPrix><fourchettesTaille><fourchetteTaille typeTransaction="2" typeBien="1" min="0" max="1000">Moins de 1000m²</fourchetteTaille><fourchetteTaille typeTransaction="2" typeBien="1" min="1000" max="2000">De 1000m² à 2000m²</fourchetteTaille><fourchetteTaille typeTransaction="2" typeBien="1" min="2000" max="999999999">Plus de 2000m²</fourchetteTaille><fourchetteTaille typeTransaction="2" typeBien="2" min="0" max="1000">Moins de 1000m²</fourchetteTaille><fourchetteTaille typeTransaction="2" typeBien="2" min="1000" max="2000">De 1000m² à 2000m²</fourchetteTaille><fourchetteTaille typeTransaction="2" typeBien="2" min="2000" max="999999999">Plus de 2000m²</fourchetteTaille><fourchetteTaille typeTransaction="2" typeBien="3" min="0" max="1000">Moins de 1000m²</fourchetteTaille><fourchetteTaille typeTransaction="2" typeBien="3" min="1000" max="2000">De 1000m² à 2000m²</fourchetteTaille><fourchetteTaille typeTransaction="2" typeBien="3" min="2000" max="999999999">Plus de 2000m²</fourchetteTaille><fourchetteTaille typeTransaction="1" typeBien="2" min="0" max="1000">Moins de 1000m²</fourchetteTaille><fourchetteTaille typeTransaction="1" typeBien="2" min="1000" max="2000">De 1000m² à 2000m²</fourchetteTaille><fourchetteTaille typeTransaction="1" typeBien="2" min="2000" max="999999999">Plus de 2000m²</fourchetteTaille><fourchetteTaille typeTransaction="1" typeBien="3" min="0" max="1000">Moins de 1000m²</fourchetteTaille><fourchetteTaille typeTransaction="1" typeBien="3" min="1000" max="2000">De 1000m² à 2000m²</fourchetteTaille><fourchetteTaille typeTransaction="1" typeBien="3" min="2000" max="999999999">Plus de 2000m²</fourchetteTaille></fourchettesTaille><annonces><annonce><typeBien id="3">Maison</typeBien><typeTransaction id="2">Vente</typeTransaction><numMandat id="1">350</numMandat><secteur id="1">FRANCE</secteur><ville id="870" sector="1">CASTELGAILLARD</ville><cp>31230</cp><prixFAI>290000</prixFAI><description>Au calme, A l'entrée du village de CASTELGAILLARD, Agréable maison de campagne en partie rénovée, comprenant 2 chambres, un séjour-cuisine aménagée, salle d'eau avec wc, cellier, combles aménageables soit 150 m2 environ.</description><chauffage>Electrique</chauffage><orientation>Nord</orientation><anneeConstruction></anneeConstruction><agence id="1">Legrain</agence><tel1Agence>05.63.30.31.44</tel1Agence><tel2Agence></tel2Agence><tel3Agence></tel3Agence><mailAgence>julien@localhost</mailAgence><emailCommercial>john.doe@legrain.fr</emailCommercial><CES>51</CES><GES>12</GES><typeTerrain></typeTerrain><superficieConstructible>0</superficieConstructible><superficieNonConstructible>0</superficieNonConstructible><superficieTotale>2000</superficieTotale><terrainVendu></terrainVendu><toutAEgout>1</toutAEgout><fosseSceptique>0</fosseSceptique><proximiteEcole>0</proximiteEcole><proximiteCommerce>0</proximiteCommerce><proximiteTransport>0</proximiteTransport><nbPiece>4</nbPiece><surfaceHabitable>150</surfaceHabitable><nbChambre>2</nbChambre><surfacePieceVie>0</surfacePieceVie><niveau>1</niveau><coupCoeur>0</coupCoeur><nouveaute>15/11/2011</nouveaute><cheminee>1</cheminee><cuisineEquipee>0</cuisineEquipee><cuisineAmenagee>0</cuisineAmenagee><piscine>0</piscine><poolHouse>0</poolHouse><terrasse>0</terrasse><mezzanine>1</mezzanine><dependance>0</dependance><gaz>0</gaz><cave>0</cave><sousSol>0</sousSol><garage>1</garage><parking>0</parking><rezDeJardin>0</rezDeJardin><plainPied>0</plainPied><carriere>0</carriere><ptEau>0</ptEau><style></style><constructionType></constructionType><photos/><situationTerrain>0</situationTerrain></annonce><annonce><typeBien id="1">Terrain</typeBien><typeTransaction id="2">Vente</typeTransaction><numMandat id="2">100</numMandat><secteur id="1">FRANCE</secteur><ville id="1" sector="1">MOISSAC</ville><cp>82200</cp><prixFAI>40000</prixFAI><description>Lorem ipsum dolor sit amet, consectetur adipiscing elit. Vestibulum dapibus congue nunc in vulputate. Vivamus ornare nisl dolor. Maecenas blandit nulla vitae nibh porttitor condimentum. Nunc nibh ante, lobortis venenatis tincidunt vitae, laoreet non est. Vivamus mauris augue, imperdiet ut commodo at, pulvinar accumsan nisi. Praesent volutpat, tellus vel elementum congue, ligula mi tincidunt lectus, at pulvinar nunc nunc vel turpis. Praesent vel dapibus sem. Nunc eu tellus ipsum.</description><chauffage></chauffage><orientation></orientation><anneeConstruction>0</anneeConstruction><agence id="1">Legrain</agence><tel1Agence>05.63.30.31.44</tel1Agence><tel2Agence></tel2Agence><tel3Agence></tel3Agence><mailAgence>julien@localhost</mailAgence><emailCommercial>john.doe@legrain.fr</emailCommercial><CES></CES><GES></GES><typeTerrain>1</typeTerrain><superficieConstructible>0</superficieConstructible><superficieNonConstructible>0</superficieNonConstructible><superficieTotale>1500</superficieTotale><terrainVendu>NC</terrainVendu><toutAEgout>0</toutAEgout><fosseSceptique>0</fosseSceptique><proximiteEcole>0</proximiteEcole><proximiteCommerce>0</proximiteCommerce><proximiteTransport>0</proximiteTransport><nbPiece>0</nbPiece><surfaceHabitable>0</surfaceHabitable><nbChambre>0</nbChambre><surfacePieceVie>0</surfacePieceVie><niveau>0</niveau><coupCoeur>1</coupCoeur><nouveaute>15/11/2011</nouveaute><cheminee>0</cheminee><cuisineEquipee>0</cuisineEquipee><cuisineAmenagee>0</cuisineAmenagee><piscine>0</piscine><poolHouse>0</poolHouse><terrasse>0</terrasse><mezzanine>0</mezzanine><dependance>0</dependance><gaz>0</gaz><cave>0</cave><sousSol>0</sousSol><garage>0</garage><parking>0</parking><rezDeJardin>0</rezDeJardin><plainPied>0</plainPied><carriere>0</carriere><ptEau>0</ptEau><style></style><constructionType></constructionType><photos><photo>20111208112335-2_1.jpg</photo><photo>20111208112335-2_2.jpg</photo><photo>20111208112335-2_3.jpg</photo><photo>20111208112335-2_4.jpg</photo></photos><situationTerrain>1</situationTerrain></annonce><annonce><typeBien id="1">Terrain</typeBien><typeTransaction id="2">Vente</typeTransaction><numMandat id="3">100</numMandat><secteur id="1">FRANCE</secteur><ville id="1" sector="1">MOISSAC</ville><cp>82200</cp><prixFAI>40000</prixFAI><description></description><chauffage></chauffage><orientation></orientation><anneeConstruction>0</anneeConstruction><agence id="1">Legrain</agence><tel1Agence>05.63.30.31.44</tel1Agence><tel2Agence></tel2Agence><tel3Agence></tel3Agence><mailAgence>julien@localhost</mailAgence><emailCommercial>john.doe@legrain.fr</emailCommercial><CES></CES><GES></GES><typeTerrain>1</typeTerrain><superficieConstructible>0</superficieConstructible><superficieNonConstructible>0</superficieNonConstructible><superficieTotale>1500</superficieTotale><terrainVendu>Non viabilisé</terrainVendu><toutAEgout>1</toutAEgout><fosseSceptique>0</fosseSceptique><proximiteEcole>0</proximiteEcole><proximiteCommerce>0</proximiteCommerce><proximiteTransport>0</proximiteTransport><nbPiece>0</nbPiece><surfaceHabitable>0</surfaceHabitable><nbChambre>0</nbChambre><surfacePieceVie>0</surfacePieceVie><niveau>0</niveau><coupCoeur>0</coupCoeur><nouveaute>15/11/2011</nouveaute><cheminee>0</cheminee><cuisineEquipee>0</cuisineEquipee><cuisineAmenagee>0</cuisineAmenagee><piscine>0</piscine><poolHouse>0</poolHouse><terrasse>1</terrasse><mezzanine>0</mezzanine><dependance>0</dependance><gaz>0</gaz><cave>0</cave><sousSol>0</sousSol><garage>0</garage><parking>0</parking><rezDeJardin>0</rezDeJardin><plainPied>0</plainPied><carriere>0</carriere><ptEau>0</ptEau><style></style><constructionType></constructionType><photos><photo>20111208112335-3_1.jpg</photo><photo>20111208112335-3_2.jpg</photo><photo>20111208112335-3_3.jpg</photo></photos><situationTerrain>1</situationTerrain></annonce><annonce><typeBien id="1">Terrain</typeBien><typeTransaction id="2">Vente</typeTransaction><numMandat id="5">100</numMandat><secteur id="1">FRANCE</secteur><ville id="1" sector="1">MOISSAC</ville><cp>82200</cp><prixFAI>40000</prixFAI><description></description><chauffage></chauffage><orientation></orientation><anneeConstruction>0</anneeConstruction><agence id="1">Legrain</agence><tel1Agence>05.63.30.31.44</tel1Agence><tel2Agence></tel2Agence><tel3Agence></tel3Agence><mailAgence>julien@localhost</mailAgence><emailCommercial>john.doe@legrain.fr</emailCommercial><CES></CES><GES></GES><typeTerrain>1</typeTerrain><superficieConstructible>0</superficieConstructible><superficieNonConstructible>0</superficieNonConstructible><superficieTotale>1500</superficieTotale><terrainVendu>Non viabilisé</terrainVendu><toutAEgout>1</toutAEgout><fosseSceptique>0</fosseSceptique><proximiteEcole>0</proximiteEcole><proximiteCommerce>0</proximiteCommerce><proximiteTransport>0</proximiteTransport><nbPiece>0</nbPiece><surfaceHabitable>0</surfaceHabitable><nbChambre>0</nbChambre><surfacePieceVie>0</surfacePieceVie><niveau>0</niveau><coupCoeur>0</coupCoeur><nouveaute>15/11/2011</nouveaute><cheminee>0</cheminee><cuisineEquipee>0</cuisineEquipee><cuisineAmenagee>0</cuisineAmenagee><piscine>0</piscine><poolHouse>0</poolHouse><terrasse>1</terrasse><mezzanine>0</mezzanine><dependance>0</dependance><gaz>0</gaz><cave>0</cave><sousSol>0</sousSol><garage>0</garage><parking>0</parking><rezDeJardin>0</rezDeJardin><plainPied>0</plainPied><carriere>0</carriere><ptEau>0</ptEau><style></style><constructionType></constructionType><photos><photo>20111208112335-5_1.jpg</photo><photo>20111208112335-5_2.jpg</photo><photo>20111208112335-5_3.jpg</photo><photo>20111208112335-5_4.jpg</photo><photo>20111208112335-5_5.jpg</photo></photos><situationTerrain>1</situationTerrain></annonce><annonce><typeBien id="1">Terrain</typeBien><typeTransaction id="2">Vente</typeTransaction><numMandat id="6">100</numMandat><secteur id="1">FRANCE</secteur><ville id="1" sector="1">MOISSAC</ville><cp>82200</cp><prixFAI>39000</prixFAI><description></description><chauffage></chauffage><orientation></orientation><anneeConstruction>0</anneeConstruction><agence id="1">Legrain</agence><tel1Agence>05.63.30.31.44</tel1Agence><tel2Agence></tel2Agence><tel3Agence></tel3Agence><mailAgence>julien@localhost</mailAgence><emailCommercial>john.doe@legrain.fr</emailCommercial><CES></CES><GES></GES><typeTerrain>1</typeTerrain><superficieConstructible>0</superficieConstructible><superficieNonConstructible>0</superficieNonConstructible><superficieTotale>1300</superficieTotale><terrainVendu>Semi viabilisé</terrainVendu><toutAEgout>1</toutAEgout><fosseSceptique>0</fosseSceptique><proximiteEcole>0</proximiteEcole><proximiteCommerce>0</proximiteCommerce><proximiteTransport>0</proximiteTransport><nbPiece>0</nbPiece><surfaceHabitable>0</surfaceHabitable><nbChambre>0</nbChambre><surfacePieceVie>0</surfacePieceVie><niveau>0</niveau><coupCoeur>0</coupCoeur><nouveaute>15/11/2011</nouveaute><cheminee>0</cheminee><cuisineEquipee>0</cuisineEquipee><cuisineAmenagee>0</cuisineAmenagee><piscine>0</piscine><poolHouse>0</poolHouse><terrasse>1</terrasse><mezzanine>0</mezzanine><dependance>0</dependance><gaz>0</gaz><cave>0</cave><sousSol>0</sousSol><garage>0</garage><parking>0</parking><rezDeJardin>0</rezDeJardin><plainPied>0</plainPied><carriere>0</carriere><ptEau>0</ptEau><style></style><constructionType></constructionType><photos><photo>20111208112335-6_1.jpg</photo><photo>20111208112335-6_2.jpg</photo><photo>20111208112335-6_3.jpg</photo><photo>20111208112335-6_4.jpg</photo><photo>20111208112335-6_5.jpg</photo><photo>20111208112335-6_6.jpg</photo><photo>20111208112335-6_7.jpg</photo><photo>20111208112335-6_8.jpg</photo><photo>20111208112335-6_9.jpg</photo></photos><situationTerrain>1</situationTerrain></annonce><annonce><typeBien id="1">Terrain</typeBien><typeTransaction id="2">Vente</typeTransaction><numMandat id="7">100</numMandat><secteur id="1">FRANCE</secteur><ville id="1" sector="1">MOISSAC</ville><cp>82200</cp><prixFAI>50000</prixFAI><description></description><chauffage></chauffage><orientation></orientation><anneeConstruction>0</anneeConstruction><agence id="1">Legrain</agence><tel1Agence>05.63.30.31.44</tel1Agence><tel2Agence></tel2Agence><tel3Agence></tel3Agence><mailAgence>julien@localhost</mailAgence><emailCommercial>john.doe@legrain.fr</emailCommercial><CES></CES><GES></GES><typeTerrain>1</typeTerrain><superficieConstructible>0</superficieConstructible><superficieNonConstructible>0</superficieNonConstructible><superficieTotale>4000</superficieTotale><terrainVendu>Non viabilisé</terrainVendu><toutAEgout>1</toutAEgout><fosseSceptique>0</fosseSceptique><proximiteEcole>0</proximiteEcole><proximiteCommerce>0</proximiteCommerce><proximiteTransport>0</proximiteTransport><nbPiece>0</nbPiece><surfaceHabitable>0</surfaceHabitable><nbChambre>0</nbChambre><surfacePieceVie>0</surfacePieceVie><niveau>0</niveau><coupCoeur>0</coupCoeur><nouveaute>15/11/2011</nouveaute><cheminee>0</cheminee><cuisineEquipee>0</cuisineEquipee><cuisineAmenagee>0</cuisineAmenagee><piscine>0</piscine><poolHouse>0</poolHouse><terrasse>1</terrasse><mezzanine>0</mezzanine><dependance>0</dependance><gaz>0</gaz><cave>0</cave><sousSol>0</sousSol><garage>0</garage><parking>0</parking><rezDeJardin>0</rezDeJardin><plainPied>0</plainPied><carriere>0</carriere><ptEau>0</ptEau><style></style><constructionType></constructionType><photos><photo>20111208112335-7_1.jpg</photo><photo>20111208112335-7_2.jpg</photo><photo>20111208112335-7_3.jpg</photo><photo>20111208112335-7_4.jpg</photo><photo>20111208112335-7_5.jpg</photo><photo>20111208112335-7_6.jpg</photo><photo>20111208112335-7_7.jpg</photo></photos><situationTerrain>1</situationTerrain></annonce><annonce><typeBien id="2">Appartement</typeBien><typeTransaction id="1">Location</typeTransaction><numMandat id="9">255</numMandat><secteur id="1">FRANCE</secteur><ville id="1100" sector="1">MILHAS</ville><cp>31160</cp><prixFAI>800</prixFAI><description></description><chauffage>Gaz de ville</chauffage><orientation></orientation><anneeConstruction>0</anneeConstruction><agence id="1">Legrain</agence><tel1Agence>05.63.30.31.44</tel1Agence><tel2Agence></tel2Agence><tel3Agence></tel3Agence><mailAgence>julien@localhost</mailAgence><emailCommercial>john.doe@legrain.fr</emailCommercial><CES>0</CES><GES>0</GES><typeTerrain></typeTerrain><superficieConstructible>0</superficieConstructible><superficieNonConstructible>0</superficieNonConstructible><superficieTotale>0</superficieTotale><terrainVendu></terrainVendu><toutAEgout>0</toutAEgout><fosseSceptique>0</fosseSceptique><proximiteEcole>0</proximiteEcole><proximiteCommerce>0</proximiteCommerce><proximiteTransport>0</proximiteTransport><nbPiece>3</nbPiece><surfaceHabitable>60</surfaceHabitable><nbChambre>1</nbChambre><surfacePieceVie>60</surfacePieceVie><niveau>0</niveau><coupCoeur>0</coupCoeur><nouveaute>15/11/2011</nouveaute><cheminee>0</cheminee><cuisineEquipee>0</cuisineEquipee><cuisineAmenagee>1</cuisineAmenagee><piscine>0</piscine><poolHouse>0</poolHouse><terrasse>1</terrasse><mezzanine>0</mezzanine><dependance>0</dependance><gaz>1</gaz><cave>1</cave><sousSol>0</sousSol><garage>0</garage><parking>0</parking><rezDeJardin>0</rezDeJardin><plainPied>0</plainPied><carriere>0</carriere><ptEau>0</ptEau><style></style><constructionType>Ville</constructionType><photos/><situationTerrain>0</situationTerrain></annonce></annonces><imgAgences><logo>logo.png</logo><header>header.jpg</header></imgAgences></lgr>
